date,yt_pred_time_trend_1_dummy,yt_pred_time_trend_2_dummy,yt_pred_time_trend_3_dummy,yt_true,yt_pred_time_trend_3_fourier,yt_pred_mlp_8,yt_pred_mlp_30,yt_pred_stacked_mlp,yt_pred_d1d13_ar13,yt_pred_d1d12_mlp
1946-01-01,1095.0249999999992,1444.198616180508,1197.3892389014295,890,1138.2402635831395,,,,,
1946-02-01,1077.3934210526309,1417.7272045877285,1182.2558001361908,992,1250.6692805200876,,,,,
1946-03-01,1214.0776315789465,1545.5715803337544,1321.1474334396964,979,1282.0046880942198,,,,,
1946-04-01,1322.1302631578938,1644.784376276877,1431.1167703908948,959,1425.2150843147813,,,,,
1946-05-01,1385.0249999999992,1698.8392767431906,1495.6374952003114,1110,1564.724162238021,,,,,
1946-06-01,1539.4986842105254,1844.4731228817627,1651.4464499732096,1546,1531.9319146678754,,,,,
1946-07-01,1929.709210526315,2225.843808421345,2042.701529446432,1539,2199.885663947847,,,,,
1946-08-01,3034.4986842105254,3321.7934352765706,3148.244838883137,3401,2989.3103428884087,,,,,
1946-09-01,2284.709210526315,2563.16412667662,2398.9184835464816,2092,2535.851832234698,,,,,
1946-10-01,1815.6565789473675,2085.2716571629967,1930.0382529101505,1436,1845.1812415880136,,,,,
1946-11-01,1636.130263157894,1896.9055003584465,1750.393620658354,1301,1778.866749228924,,,,,
1946-12-01,1397.6039473684202,1649.5393429107262,1511.4582710016184,1287,1539.9901752271946,,,,,
1947-01-01,1220.817543859648,1464.4041988594977,1362.5325221780918,1488,1302.4547672028768,,,,,
1947-02-01,1203.1859649122798,1438.9149915567705,1344.924980777522,1517,1412.4301273552362,1260.8287581197685,1161.9087471712585,1205.9091766608756,,
1947-03-01,1339.8701754385957,1567.7415715928491,1481.3748133795789,1707,1441.3439891327466,1360.0203665067074,1224.595629831644,1282.3323781895365,,
1947-04-01,1447.922807017543,1667.9365718260244,1588.93465156321,1729,1582.1649505446528,1434.9276830258293,1163.7599823582923,1273.4332926946747,,
1947-05-01,1510.817543859648,1722.9736765823905,1651.078179538942,1788,1719.316704647204,1488.1159796137486,1617.4017370054837,1335.6017470015538,,
1947-06-01,1665.2912280701746,1869.5897270110152,1804.5422394120376,2008,1684.1992442443363,1665.903380475544,1795.6152562820114,1497.3697155066293,,
1947-07-01,2055.501754385964,2251.94261684065,2193.4847259193393,2203,2349.859891679553,1959.1560238786856,2195.3682622280417,1863.957944914858,,
1947-08-01,3160.291228070175,3348.874447985928,3296.747744324006,3713,3137.0235797633263,2746.7774581373724,2564.826643724735,2894.159199623361,,
1947-09-01,2410.501754385964,2591.2273436760306,2545.173399889194,2946,2681.336189240794,2630.703128844553,2533.351261774389,2863.775341039616,,
1947-10-01,1941.4491228070167,2114.3170784524596,2074.077482088589,2082,1988.468829713254,2093.597527732729,2028.963260253768,2029.6152359782657,,
1947-11-01,1761.922807017543,1926.933125937962,1892.2494646064,2033,1919.9896794612755,1741.766661419351,1753.9262233347818,1480.9424720209252,,
1947-12-01,1523.3964912280694,1680.5491727802942,1651.1630316531546,1937,1678.9805585546246,1677.8859347553464,1738.4145712871957,1537.4542162262408,,
1948-01-01,1346.610087719297,1496.3962330191184,1500.1185014670002,1711,1439.3447146133517,1753.5357886832237,1654.5969122026754,1652.011730324965,,
1948-02-01,1328.978508771929,1471.889230006444,1480.4244806376844,1775,1547.2517498367224,1739.437567935572,1624.823851800075,1669.0553566037777,,
1948-03-01,1465.6627192982446,1601.698014332575,1614.8201357448777,1902,1574.1293976732109,1888.182719479508,1773.3071556047248,1883.153469313907,1972.255844928933,1991.1153212944828
1948-04-01,1573.715350877192,1702.8752188558028,1720.3580983675272,1846,1712.9462561320618,1983.316236258442,1700.5517939787717,1939.4147306052537,1965.2077776186552,1980.7261393469435
1948-05-01,1636.610087719297,1758.8945279022216,1780.5120527161598,2083,1848.1260182695248,1983.9057651298167,1967.3471905290132,1892.824074311288,2015.5355067383653,1936.3457455542089
1948-06-01,1791.0837719298238,1906.4927826208989,1932.018840896038,2262,1811.0686768895348,2158.206630463099,2256.9892235768857,2084.893448401105,2424.4744858631075,2340.7828957043776
1948-07-01,2181.2942982456134,2289.8278767405864,2319.0363576440045,2193,2474.8215543355964,2554.7160044305524,2615.4046910864454,2533.9061811109777,2359.0735418264676,2506.8026907429576
1948-08-01,3286.083771929824,3387.7419121759167,3420.406708223218,3792,3260.1095834181815,3127.638201003202,2906.239716388649,3224.9487829434297,3968.0454167379567,3749.132389768096
1948-09-01,2536.2942982456134,2631.077012156072,2666.971997896835,2343,2802.578644882427,3252.58707489919,3081.437455423415,3492.979939566472,2808.073884261493,3075.926658446264
1948-10-01,2067.241666666666,2155.148951222554,2194.048016138541,2313,2107.899848329632,2329.5981921141965,2196.9379914885335,2224.2772761725173,1778.0672838479368,1533.8752178779505
1948-11-01,1887.715350877192,1968.7472029981088,2010.4242366325457,2179,2037.6413720403648,2212.224623916176,2242.143432982672,2132.686406582887,2014.340903926257,2283.8051638083534
1948-12-01,1649.1890350877184,1723.3454541304936,1767.574343589375,1975,1794.8850360843917,2040.1687921261073,2037.8581097534277,2016.6512439869584,2064.639740338306,2130.2911848118492
1949-01-01,1472.4026315789465,1540.1747186593702,1614.7986552471784,1880,1553.5340880817632,1933.9856433428847,1805.5038211538824,1838.4356306677491,1946.737616686484,1801.8267546279803
1949-02-01,1454.7710526315782,1516.6499199367486,1593.4057781957022,1930,1659.7581302317458,1924.1423549711635,1861.8689784844569,1896.2684076311289,1920.0382763384189,1972.493334238191
1949-03-01,1591.4552631578938,1647.440908552932,1726.134879014617,2060,1684.9848959828123,2053.1856895118212,1957.53714997159,2049.0046827920332,1982.7815379669228,2123.912197696288
1949-04-01,1699.507894736841,1749.6003173662125,1830.0385892828704,1843,1822.182983344208,2121.5484272168123,1863.285067389354,2077.0926070099385,2044.2205330800784,2037.8785889504052
1949-05-01,1762.4026315789465,1806.601830702684,1888.5905932109888,2052,1955.776085372182,2138.687668806007,2200.9927885230695,2074.2585815882435,2085.381469378394,2155.1135323758826
1949-06-01,1916.8763157894728,1955.182289711414,2038.527732904235,2039,1917.1641948706704,2266.962148436801,2260.1202546806853,2213.790710950877,2220.6510949977437,2258.6436794666515
1949-07-01,2307.0868421052623,2339.499588121154,2424.007903099452,2351,2579.394634183177,2466.5137574813493,2526.8406847788806,2433.3403924149293,2249.044692701502,2004.7292417418575
1949-08-01,3411.8763157894728,3438.395827846537,3523.873209059798,3394,3363.1923361201734,3112.6185945619177,2868.999684278089,3251.918120124103,3762.607581117476,3997.7711969854863
1949-09-01,2662.0868421052623,2682.713132116745,2768.9657560484293,3581,2904.2031814267966,2846.6459543004894,2759.787611963146,3016.640934569317,2548.4353384914266,2004.7211172974676
1949-10-01,2193.034210526315,2207.7672754732794,2294.601333539031,2489,2208.098279704346,2984.594223440351,2786.572610258561,3097.2310394574847,2640.605934145344,3569.3301790532105
1949-11-01,2013.5078947368413,2022.3477315388864,2109.5694152158144,2468,2136.4458092333907,2447.2105980837378,2352.341731885268,2336.3675240013476,2469.6987478975752,2422.4311744070937
1949-12-01,1774.9815789473676,1777.9281869613242,1865.3436852893049,2134,1892.327590083696,2239.320614258432,2301.17843143007,2176.2384981414434,2226.1934964846605,2324.391009646777
1950-01-01,1598.1951754385957,1595.7396557802535,1711.224461997651,1903,1649.6468698753122,2070.4824509311175,1998.1270507775575,1995.8158248486684,2046.4588016074367,2068.4779571344206
1950-02-01,1580.5635964912271,1573.1970613476842,1688.5203519305992,1719,1754.573250807506,2033.9567299616112,1954.8161363443091,1989.7650353954853,1992.4703447260515,2031.2242671911772
1950-03-01,1717.247807017543,1704.9702542539203,1819.9705216678212,1617,1778.5344663287506,2029.4061071961075,1889.716494945145,2031.4423562616844,2074.5844593709207,1861.410564210848
1950-04-01,1825.3004385964905,1808.1118673572537,1922.627602788264,1818,1914.499114448291,1992.4547221399064,1743.557711507021,1940.655237709299,1683.141804259446,1487.0467328431105
1950-05-01,1888.1951754385957,1866.0955849837776,1979.9652795024535,2067,2046.8908882223768,2110.0116713746497,1960.6364104612348,2077.57383774458,1980.5450024229012,2014.7293149792863
1950-06-01,2042.668859649122,2015.65824828256,2128.720393915653,2457,2007.1097804549431,2224.1421048950897,2281.1050623001947,2178.556972238539,2195.6997235199233,2114.1848580386477
1950-07-01,2432.8793859649113,2400.9577509823525,2513.0508407647053,2600,2668.203113489494,2698.725168540335,2687.639092248723,2700.567643135246,2317.670010183856,2827.1805044677103
1950-08-01,3537.668859649122,3500.8361949977884,3611.798725312769,3530,3450.8958201365012,3306.456967995082,3144.0762964072896,3381.338698258829,3950.1145212137862,3696.292514290544
1950-09-01,2787.8793859649113,2746.1357035580486,2855.806152823,2693,2990.8337811411034,3577.912782447562,3320.281301585115,3732.599047539771,2955.789534250798,3763.868532694054
1950-10-01,2318.826754385964,2272.172051204636,2380.3889127690836,2448,2293.688106104598,2725.543317076077,2620.7852700485737,2701.1937008081404,2185.362043995555,1655.914076345558
1950-11-01,2139.3004385964905,2087.7347115602956,2194.3364788352305,2250,2221.026973307554,2495.276899870173,2487.4152192108113,2469.3638873067334,2356.6332822085797,2467.646129806706
1950-12-01,1900.7741228070167,1844.297371272786,1949.122535231967,1972,1975.9322028197369,2192.076661085717,2154.494742512468,2177.622693083816,2083.9272758649695,1948.5292143036695
1951-01-01,1723.9877192982449,1663.0910443817677,1794.047400197441,1682,1732.3070422611977,2002.653619390742,1868.5228541074648,1950.7759584536243,1834.4339849892567,1791.8140209845023
1951-02-01,1706.3561403508763,1641.5306542392511,1770.4196803214002,1730,1836.321093831203,1840.2046706665635,1683.700693133692,1781.4902031863949,1632.1512663734024,1522.0535461167924
1951-03-01,1843.040350877192,1774.28605143554,1900.978542183514,1814,1859.4020909782255,1878.897587188282,1749.5618188957485,1831.821727308376,1650.0431531642243,1686.8407215299721
1951-04-01,1951.0929824561397,1878.4098688289257,2002.7766173627313,1900,1994.5186317115108,2021.3924378814409,1816.3568380364904,1963.8622641446311,1735.5211881898458,2047.4341581228014
1951-05-01,2013.9877192982449,1937.3757907455024,2059.287590069577,2051,2126.0944090873077,2188.512920383572,2202.7998090252113,2144.152572075086,2059.432309280204,2243.4280200421053
1951-06-01,2168.461403508771,2087.9206583343375,2207.2483024093153,2290,2085.529415909552,2435.1810102057916,2416.2864327225125,2411.998725209679,2243.0639720915115,2468.4861835101747
1951-07-01,2558.6719298245607,2474.2023653241827,2590.8166491187885,2599,2745.8709745217475,2744.4341156470264,2728.788079866471,2769.095977941108,2505.690404479523,2467.44506061623
1951-08-01,3663.461403508771,3575.063013629671,3688.834735461155,3428,3527.8440177343664,3174.0527430359903,2972.0339559666363,3294.6471602967904,3447.221818801014,3571.6909563151858
1951-09-01,2913.6719298245607,2821.344726479984,2932.1446666995707,2262,3067.094426292547,3072.884291689687,2956.0524646653553,3229.347003890202,3216.806776688809,2650.626362720499
1951-10-01,2444.619298245613,2348.3632784166234,2456.062232307722,2242,2369.2933097975856,2483.550921091401,2370.823476343491,2411.6696728695106,2018.5965940809683,2068.52427859025
1951-11-01,2265.0929824561395,2164.908143062336,2269.3769059698184,2103,2296.008846530053,2264.6624653623826,2274.899342884905,2225.98641153426,1945.350122515054,2069.144314553714
1951-12-01,2026.566666666666,1922.4530070648789,2023.562371896386,1825,2050.3228565597137,2022.963487717205,1974.6378102946155,1997.8971869980007,1810.473888536565,1873.8077290193778
1952-01-01,1849.7802631578936,1742.2288844639131,1867.9189483255736,1670,1806.1385875066192,1861.170430536143,1741.5741710635175,1764.9384968070956,1564.4544369281916,1587.284463239193
1952-02-01,1832.1486842105255,1721.6506986114491,1843.755241847128,1681,1909.625641570036,1841.209893817581,1749.154409220677,1792.8236390046284,1574.520393196577,1766.5063275764114
1952-03-01,1968.8328947368411,1855.3883000977908,1973.81041904072,1713,1932.211752198437,1931.991998367332,1795.5877558568957,1891.2066494756832,1586.8698042319584,1808.117746093355
1952-04-01,2076.8855263157884,1960.4943217812292,2075.137111485297,1954,2066.8655174010664,1986.9559281228403,1804.1954703380452,1919.1028244791264,1792.4934808245737,1839.3220556653437
1952-05-01,2139.780263157894,2020.4424479878585,2131.2090033913846,1876,2198.010630234174,2135.943013850513,2211.0624336461915,2108.394112461621,2064.0757810885334,2161.4815832618287
1952-06-01,2294.25394736842,2171.969519866746,2278.762936864247,2272,2157.047083501697,2269.715557738094,2260.4087148629405,2207.8093877538095,2292.972049805392,2166.5223299789304
1952-07-01,2684.4644736842097,2559.233431146644,2661.956806640726,2612,2817.0221995471375,2684.3943585052193,2680.3437524856395,2733.6900191222717,2496.1662001117747,2616.282520961212
1952-08-01,3789.25394736842,3661.076283742185,3759.632717983981,3590,3598.6609111809676,3034.7348630131014,2829.8383556024023,3180.8044930512906,3402.3170645587597,3486.827789796107
1952-09-01,3039.4644736842097,2908.3402008825506,3002.6327761571674,2496,3137.609099148325,2886.170529707978,2802.547088833825,3044.397889503308,2527.949162726716,2472.0154332535276
1952-10-01,2570.4118421052626,2436.3409571092425,2526.2727706339706,2441,2439.5378730505095,2457.412065039796,2360.3539011837356,2393.7043620233753,2391.2745564996276,2521.321051260318
1952-11-01,2390.8855263157884,2253.868026045008,2339.3421750986017,2340,2366.0154111680877,2268.8184241257363,2286.001585333981,2220.6471577788966,2195.558485689039,2358.916713177784
1952-12-01,2152.359210526315,2012.395094337603,2093.3146737615857,2090,2120.1235335708266,2050.9851740667364,2010.2038095966905,2018.2979385608176,2020.759905111632,2101.7918491040355
1953-01-01,1975.5728070175428,1833.1531760266903,1937.490584861072,1812,1875.765487878777,1941.2403823671848,1853.7128819495351,1864.155415988535,1841.8684165104205,1989.3702850226937
1953-02-01,1957.9412280701745,1813.5571944642788,1913.1785149868076,1788,1979.110876291205,1874.6076359552203,1759.8157178497072,1816.6704865561248,1852.2640728521565,1872.2450962711287
1953-03-01,2094.6254385964903,1948.2770002406728,2043.1176307184624,1837,2001.5874322565835,1953.9523878268485,1819.4944413634628,1912.3950347339187,1915.464999225719,1865.674426300753
1953-04-01,2202.678070175438,2054.3652262141636,2144.3605636349844,1993,2136.163753784158,2052.1593362767467,1820.544967348651,2005.7203847073913,2021.0194374229975,2120.448442578814
1953-05-01,2265.572807017543,2115.2955567108456,2200.3809979468997,2021,2267.2635339301773,2106.013694969407,2157.16037330437,2054.8273351053867,2065.683179986679,1961.1460425621171
1953-06-01,2420.0464912280695,2267.804832879786,2347.915775759471,2199,2226.2867654985785,2347.070659818835,2327.7264399788237,2295.8721430325745,2381.239722657476,2463.354906277633
1953-07-01,2810.257017543858,2656.050948449736,2731.122791809542,2622,2886.280770832863,2725.7064562485552,2701.7071255798683,2744.808213166378,2609.9441725559764,2590.1216644680426
1953-08-01,3915.0464912280695,3758.87600533533,3828.84415136027,3787,3667.970482743505,3177.8127733100177,2952.8949700678727,3314.049780571979,3529.7495547515437,3640.617886154482
1953-09-01,3165.257017543858,3007.122126765748,3071.921959674813,2914,3207.0017819756404,3138.6287775133123,3015.004923588928,3318.8876987075228,2554.2235968120904,2735.2709154455306
1953-10-01,2696.204385964911,2536.1050872824926,2595.6720062268532,2487,2509.0457781305686,2807.7356996866624,2646.13817294501,2800.5059736954604,2726.6867451614507,2908.568195749337
1953-11-01,2516.678070175438,2354.6143605083107,2408.8837647006044,2314,2435.6706494888585,2485.0704908958696,2463.480922182373,2428.4612879268507,2482.9406570020956,2436.8956376603783
1953-12-01,2278.151754385964,2114.1236330909587,2163.0309193065905,2139,2189.9582161202757,2199.9500823455037,2167.7535027976814,2166.385387604841,2056.6408165307257,2112.9323047361295
1954-01-01,2101.365350877192,1935.8639190700983,2007.413788282961,2124,1945.8117256448709,2028.9013016174065,1935.659370558618,1971.421418556528,1891.643382800355,1897.2206665186327
1954-02-01,2083.733771929824,1917.2501417977392,1983.3409782194624,2214,2049.40078026191,2033.0370799700197,1944.0433062593804,2026.1910545552687,2047.092538308435,2150.4524210251157
1954-03-01,2220.4179824561393,2052.952151864186,2113.5516556957655,2234,2072.153113419866,2174.3806753770696,2029.779366072887,2188.8486152580676,2188.910692110557,2310.244896479223
1954-04-01,2328.470614035087,2160.0225821277295,2215.0984522908184,2279,2207.037323127985,2286.8030590712497,2024.7942755272488,2266.3896934127665,2397.5923975792393,2438.4505842848066
1954-05-01,2391.365350877192,2221.935116914464,2271.4550522151458,2423,2338.4771024425163,2315.142286720398,2308.5707411461876,2265.4111071001303,2251.754149424397,2343.051086184778
1954-06-01,2545.8390350877185,2375.426597373457,2419.358297574012,2290,2297.8724441673944,2499.8368507008513,2518.4072122882408,2447.165039108651,2605.205970226212,2656.282597054118
1954-07-01,2936.049561403508,2764.65491723346,2802.96608310426,2903,2958.270670646124,2829.5950049824355,2812.6780251246005,2804.0615208735717,2862.1593079036884,2776.1760239737614
1954-08-01,4040.8390350877185,3868.462178409106,3901.1205140690463,4485,3740.3967146891778,3470.152845207705,3231.7182682843563,3597.9199930266386,3981.396229431488,4109.749899176176
1954-09-01,3291.049561403508,3117.6905041295768,3144.6636957315304,3085,3279.896457041691,3673.9962981629224,3404.022861758712,3872.9269081491966,3287.061570222675,3639.738734329175
1954-10-01,2821.9969298245605,2647.6556689363742,2668.911417565394,2852,2582.4410073049635,2987.9649928185554,2721.621526838077,2943.684387109551,2942.9117598776284,2715.814115342726
1954-11-01,2642.4706140350872,2467.1471464522447,2482.65315325485,2629,2509.598543759565,2676.0994941071303,2669.425787642691,2617.409691671752,2725.3903657133014,2720.5583315747444
1954-12-01,2403.944298245613,2227.638623324945,2237.362587010424,2435,2264.4508864752593,2443.8852404484255,2410.550259902487,2406.7145002568273,2468.0376094190797,2509.428652118081
1955-01-01,2227.157894736841,2050.361113594138,2082.340037070264,2227,2020.9012830720992,2363.9560253649192,2251.733249737884,2329.9341626204778,2317.528387179341,2465.427460102149
1955-02-01,2209.526315789473,2032.7295406118312,2058.8941100241173,1944,2125.1193357493494,2325.6775048387117,2275.5313007974464,2333.494039018779,2340.9693424101124,2366.048688419709
1955-03-01,2346.210526315788,2169.4137549683305,2189.763972451654,2125,2148.5327779554837,2325.776825126617,2142.5541335011576,2315.9242316487466,2142.592934682514,2021.4765899932027
1955-04-01,2454.2631578947357,2277.4663895219264,2292.002255931822,2260,2284.1102076997477,2439.76092366238,2132.0278234124225,2433.3009864959417,2276.4975961192904,2183.02068516134
1955-05-01,2517.157894736841,2340.3611285987135,2349.082644675148,2299,2416.2753180383897,2506.563989268157,2490.7212029936154,2495.5662249826337,2357.0249417504992,2458.85475711442
1955-06-01,2671.6315789473674,2494.834813347759,2497.741980786894,2323,2376.428101775346,2571.7945348256553,2562.3265441951053,2489.280086712784,2347.4866481199406,2218.222807885526
1955-07-01,3061.842105263157,2885.0453374978147,2882.1381590039036,2659,3037.6158812541203,3131.217731142353,3098.943063622497,3110.9317016651166,2907.7742384582943,2973.159563438485
1955-08-01,4166.631578947367,3989.8348029635135,3981.1132845893353,3761,3820.563589285184,3754.4219752149434,3425.882083236427,3838.0567192499298,4038.965598575899,4287.093069282959
1955-09-01,3416.842105263157,3240.0453329740367,3225.5094628063443,2779,3360.917106613676,3511.0659716520327,3301.0110780841965,3662.364335925544,2743.660015664742,2411.202516188223
1955-10-01,2947.7894736842095,2770.9927020708865,2750.6424831286167,2761,2664.3475428408938,3020.8995821312537,2831.805084679833,3010.138836729268,2463.585475053731,2589.2693782087863
1955-11-01,2768.2631578947357,2591.4663838768097,2565.301819240364,2446,2592.423076247406,2805.457684569845,2739.3121166325905,2810.4035509360115,2441.98325304631,2578.801738131733
1955-12-01,2529.7368421052624,2352.940065039563,2320.961155352111,2278,2348.225526902979,2515.250351415169,2425.781412787385,2511.828518927321,2272.578167906351,2291.4029547377268
1956-01-01,2352.95043859649,2176.644759598808,2166.920809702005,1879,2105.658142427663,2304.385953692786,2193.6768020855093,2280.0399452592187,2063.447005838523,2114.7615358589246
1956-02-01,2335.318859649122,2159.9953909065543,2144.4893888797956,1881,2210.8905250207245,2077.8962221637603,2011.4177912040616,2024.8083840048,1821.3105596980467,1645.353134811252
1956-03-01,2472.0030701754376,2297.661809553106,2276.406059465151,2165,2235.3504081306373,2206.7536437518315,2080.904883692356,2197.4447551124576,1944.7964647125273,2101.4598040639066
1956-04-01,2580.055701754385,2406.696648396755,2379.7234530370206,2199,2372.006389766645,2380.812380307343,2135.897980127325,2404.223831950188,2142.3483179261357,2365.492437408646
1956-05-01,2642.95043859649,2470.5735917635943,2437.9152538059298,2308,2505.282162984998,2421.2434247347333,2383.2744076837857,2413.08064319486,2292.6481602948625,2285.8857419279466
1956-06-01,2797.424122807017,2626.0294808026924,2587.718303877142,2529,2466.577720589633,2532.0133472093944,2488.795603549765,2488.524433226288,2228.112918046336,2357.617404642786
1956-07-01,3187.634649122806,3017.222209242801,2973.2904979874984,2573,3128.940384924051,2957.702340982496,2926.6574010999866,2976.3122812425177,2774.352124124238,2913.345577284759
1956-08-01,4292.424122807017,4122.993878998552,4073.4739414001583,3946,3913.0950887987265,3325.365659051212,3070.144616941682,3406.8072200036063,4060.843442770123,3734.701703702558
1956-09-01,3542.634649122806,3374.186613299128,3319.1107393782804,3200,3454.6877129587965,3400.25902344146,3275.1472475229507,3576.161313368269,2806.723760822858,3016.2777978343292
1956-10-01,3073.582017543859,2906.1161866860307,2845.516681395547,2574,2759.389367005558,3125.9280195888737,2880.4102181553208,3163.2174240959125,2876.90077444511,3220.1626231635964
1956-11-01,2894.055701754385,2727.572072782006,2661.481241136169,2422,2688.768229219582,2644.655755118025,2554.5007390734004,2584.352714553313,2486.648537249114,2314.1696750903393
1956-12-01,2655.5293859649114,2490.027958234812,2418.478102810674,2446,2445.9061196706325,2365.256304560589,2328.521804341972,2348.3878613890806,2227.8933668734135,2295.034497694349
1957-01-01,2478.7429824561395,2314.7148570841096,2265.8075846572087,2828,2204.706285978761,2209.9319194209174,2105.57652762328,2185.1796727079663,2091.8702211722702,2096.1934799319006
1957-02-01,2461.1114035087708,2299.0476926819083,2244.778293265521,2879,2311.338330343234,2396.685713853243,2311.8725409828994,2448.903042626642,2407.0695358481316,2860.983136034718
1957-03-01,2597.795614035087,2437.696315618513,2378.129395215281,2800,2337.2299862125237,2644.43816991807,2503.2797019506206,2700.4151369310016,2905.136984827648,3221.9999759532584
1957-04-01,2705.848245614034,2547.7133587522144,2482.913522085437,2835,2475.3498515958768,2707.216070106064,2416.713528995613,2694.9031247874736,2853.957148452495,2901.176594319337
1957-05-01,2768.7429824561395,2612.5725064091066,2542.6043580865153,2585,2610.1216195495413,2760.9019718165614,2716.3012399641207,2732.7325820056403,2897.5513764678635,2970.01639429073
1957-06-01,2923.216666666666,2769.010599738257,2693.938745323777,2787,2572.945282877453,2735.434636675599,2723.633469903258,2659.6898078148374,2817.8779052974987,2879.709525471185
1957-07-01,3313.4271929824554,3161.1855324684184,3081.074578534067,3334,3236.8681639231163,3037.611242141992,3047.5299352376696,3023.917481850933,3066.490056054574,2882.4646496261994
1957-08-01,4418.216666666666,4267.939406514222,4182.853962980543,4746,4022.615195497004,3794.0982032681222,3496.553016339145,3884.902627346026,4598.273226424709,4742.582163662836
1957-09-01,3668.4271929824554,3520.1143451048506,3430.11900392636,3613,3565.8322583442505,3972.813147176359,3607.524478080216,4106.600753538056,3770.81687168409,4028.3354806220523
1957-10-01,3199.374561403508,3053.0261227818055,2958.185490845207,3463,2872.190462066157,3317.4388922459357,3022.923773784381,3278.386154500386,3358.173752999256,3032.0398949362643
1957-11-01,3019.8482456140346,2875.464213167834,2775.84289742129,3274,2803.257984943292,3089.131054134893,3049.2973528708003,3029.6603856788624,3140.2279558658556,3368.2059020911984
1957-12-01,2781.3219298245604,2638.902302910692,2534.564907865138,2801,2562.11664704542,3011.8875882207326,2963.0415080530156,2966.921876813631,3198.6634411760806,3355.3614728416896
1958-01-01,2604.5355263157885,2464.5714060500422,2383.6518404148983,2488,2322.6696959925935,2950.3760707935107,2877.244324340441,2920.5510497589285,3015.6472338982257,3244.491357989951
1958-02-01,2586.90394736842,2449.886445937894,2364.4123016603185,2386,2431.086733984078,2812.2946078189702,2748.915807167752,2799.38924746526,2715.9089328706305,2590.5714550596294
1958-03-01,2723.588157894736,2589.517273164551,2499.585458181068,2428,2458.7954944683456,2806.0963291527178,2644.5052590086143,2821.5219132565226,2707.301458926191,2332.7604303638745
1958-04-01,2831.640789473683,2700.516520588305,2606.223941556096,2678,2598.7645754546425,2840.7696325252227,2505.414269843787,2845.8029932995028,2657.630920441685,2482.433141433712
1958-05-01,2894.5355263157885,2766.35787253525,2667.801435995928,2744,2735.4176699992186,2854.965463949121,2830.259956129327,2838.562465056753,2613.6900481751854,2487.4251059513836
1958-06-01,3049.009210526315,2923.778170154453,2821.054783605826,2772,2700.1547709060087,3102.7329683230732,3017.5678311391475,3042.371757274881,2952.8271286167073,2979.4773906480077
1958-07-01,3439.2197368421043,3316.9353071746664,3210.141879122634,3520,3366.023200518516,3622.677665454789,3506.847335060812,3565.87398639392,3085.3079625306946,3355.644524375535
1958-08-01,4544.009210526315,4424.671385510523,4313.90482780951,3833,4153.747891647214,4291.748214663574,4029.4528315494986,4285.592189263005,4557.493740505441,4976.195623382084
1958-09-01,3794.219736842104,3677.828528391204,3563.1857349296106,3377,3698.9747250372384,3953.5217687580607,3701.845591374875,3974.0768731853623,3274.4537088830193,2785.8515150404255
1958-10-01,3325.167105263157,3211.7225103582123,3093.30038995662,3013,3007.37481028989,3688.9487441421434,3453.9402851908917,3676.3986365297583,2906.6835564745124,3260.1867005964687
1958-11-01,3145.6407894736835,3035.142805034293,2913.038266574751,2871,2940.516325685736,3315.070435048789,3153.5648308636796,3313.8361574748305,2852.617668510902,2853.110411128946
1958-12-01,2907.1144736842098,2799.563099067204,2673.873048994527,2592,2701.4810912945422,2929.4748587667486,2787.9006122089977,2943.213558510374,2579.71740776787,2442.587468176642
1959-01-01,2730.3280701754375,2626.2144064966064,2525.105055454098,2375,2464.17235473636,2639.9219750397197,2529.794221580535,2630.385082549271,2609.4389480750306,2297.0908947958605
1959-02-01,2712.696491228069,2612.5116506745107,2508.0428925432116,2304,2574.759718210455,2533.836595696817,2450.9669552083287,2520.8115625702703,2358.9496750089156,2342.1265537162963
1959-03-01,2849.380701754385,2753.1246821912205,2645.4257268415367,2464,2604.670915165301,2602.3616225095884,2426.9571503109355,2591.705324161953,2262.9825896095645,2373.7544453309256
1959-04-01,2957.4333333333325,2865.106133905027,2754.3061899280215,2557,2746.874543610143,2799.8259956982633,2610.102027122277,2810.6061060832176,2511.748669102959,2798.2831189603785
1959-05-01,3020.3280701754375,2931.9296901420244,2818.157966013192,2739,2885.7942966012292,2877.6455282884076,2773.6193623015974,2865.2400590837715,2421.8264626730206,2662.3241258290145
1959-06-01,3174.801754385964,3090.3321920512803,2973.7178972023116,2714,2852.8301669424973,3102.640008328244,3040.30862847646,3081.9004744080435,2771.0584830533007,2801.678501204544
1959-07-01,3565.0122807017533,3484.471533361546,3365.1438782322234,3102,3521.02947697745,3506.67641622885,3321.812137654373,3503.6185882419863,3294.38921096169,3511.01263070834
1959-08-01,4669.801754385964,4593.189815987455,4471.278014366084,3961,4311.117159516558,3706.876170473379,3474.589262433583,3758.0948880279616,4096.696249395777,3470.4912748228626
1959-09-01,3920.0122807017538,3847.329163158189,3722.962410867053,3772,3858.73909530496,3787.6289888351057,3544.4596772199584,3884.399011893371,3243.8098446354625,3535.7464582130415
1959-10-01,3450.9596491228062,3382.2053494152497,3255.5128572088133,3245,3169.5663939439573,3581.6387678457613,3319.5256190494456,3622.044721303994,3226.7241118635084,3455.8001916022677
1959-11-01,3271.4333333333325,3206.607848381383,3077.718827075575,3104,3105.1672337141135,3227.3951572506135,3050.10203870492,3214.5541289854577,3136.503953173662,3158.4215556640684
1959-12-01,3032.9070175438587,2972.0103467043464,2841.0540046778656,2869,2868.6234346851975,2933.325402428934,2838.169614630172,2933.322067998998,2693.5769136677955,2874.7248733807046
1960-01-01,2856.120614035087,2799.6438584238017,2694.8187082538334,2513,2633.838244477261,2697.6958572936483,2583.2521513335196,2684.0772938156615,2496.7203729793346,2701.554818188679
1960-02-01,2838.4890350877185,2786.923306891759,2680.3215443932245,2385,2746.981265289566,2548.4546689281997,2480.7250828849233,2517.177722978663,2474.9297271366595,2486.702041456938
1960-03-01,2975.1732456140344,2928.518542698521,2820.30167967571,2756,2779.4802305705907,2607.303089565304,2490.00858288656,2601.6257808713344,2536.353133182487,2607.8766326483965
1960-04-01,3083.2258771929814,3041.48219870238,2931.8117456802365,2927,2924.303738329576,2857.9722013731684,2631.4819125001195,2894.7603404988877,2860.1896413747427,2885.1422528495214
1960-05-01,3146.120614035087,3109.28795922943,2998.3254266173326,2940,3065.8754816227747,3038.7646082029964,2855.297012019399,3055.517673387242,3068.0907629429967,3139.7601976967508
1960-06-01,3300.594298245613,3268.6726654287386,3156.579564592259,3180,3035.59545325412,3115.183068841627,3042.0641255325936,3074.599956149649,2925.4689977962535,2970.541622781342
1960-07-01,3690.8048245614023,3663.794211029057,3550.732054341859,3791,3706.510975567117,3546.0605118340495,3428.8734448209457,3519.4850199687276,3659.8518246975273,3619.8906158374593
1960-08-01,4795.594298245614,4773.49469794502,4659.625001129291,4093,4499.346981372237,4119.843438093832,3876.2032482077984,4120.807627056548,4369.986949818151,4694.920366383777
1960-09-01,4045.8048245614023,4028.616249405806,3914.100510217712,4309,4049.749351414616,4083.8782022582714,3822.2938923519664,4091.585796345547,3852.532619190846,3963.3281665432587
1960-10-01,3576.752192982455,3564.4746399529186,3449.4743710808075,3532,3363.3891952955573,3933.3221929268257,3715.614124659626,3946.67013322601,3658.159265917131,3822.254236567511
1960-11-01,3397.225877192982,3389.8593432091047,3274.536057402788,3408,3301.834691295626,3524.977976853389,3284.107859891783,3488.6807632312093,3519.8667358157945,3439.5272003193404
1960-12-01,3158.6995614035077,3156.2440458221204,3040.7592533941774,2839,3068.1676594845876,3208.6409922094076,3086.6658412284673,3206.1861585805773,3169.9706993263353,3214.883110464367
1961-01-01,2981.913157894736,2984.8597618316285,2897.4442772931257,2792,2836.291347482493,2762.7238613661334,2687.5747683293966,2711.5452700484902,2723.2670553641456,2535.3737966855233
1961-02-01,2964.2815789473675,2973.121414589638,2885.8997356893815,2798,2952.3753574886105,2731.545908249516,2679.4286647039803,2711.5324033151883,2658.561616784177,2710.027094289816
1961-03-01,3100.9657894736833,3115.6988546864527,3028.8647951626117,3007,2987.847422951413,2959.2364317798324,2800.201586666875,2961.2915157076027,3067.374063412336,3190.9717836794225
1961-04-01,3209.0184210526304,3229.6447149803644,3143.392087291767,3086,3135.676141880143,3179.737601065584,2980.6664935314298,3190.4929440160067,3119.961552508722,3251.931287855634
1961-05-01,3271.9131578947363,3298.4326797974672,3212.955296287372,3201,3280.2852073310523,3300.236660985465,3110.3189413968134,3262.5133000968613,3206.9284323851753,3136.512238999143
1961-06-01,3426.3868421052625,3458.799590286828,3374.2912642546908,3428,3253.0746121080756,3566.0098283703956,3494.478420959605,3506.873576553821,3341.1050136827344,3486.38217896453
1961-07-01,3816.597368421052,3854.9033401771994,3771.557885930565,3754,3927.091678554717,3973.129857955104,3796.865290172357,3909.720634159667,3821.3504618258366,4079.7989300514255
1961-08-01,4921.386842105262,4965.5860313832145,4883.597266578154,4917,4723.061339481447,4239.829185864328,4082.74599426779,4181.346276780445,4432.251998404896,4119.436333333912
1961-09-01,4171.597368421051,4221.689787134053,4141.251511460613,3760,4276.6294756334055,4585.9364681350635,4376.022701389966,4534.41710218975,4696.851113640492,5158.597487930818
1961-10-01,3702.5447368421046,3758.530381971218,3679.8364100516287,3609,3593.4671966118904,3952.0928953912494,3653.108218488619,3869.4679941613167,3538.887514253568,3044.9369620106463
1961-11-01,3523.018421052631,3584.897289517457,3508.141436035412,3471,3535.1426806974696,3635.879728345848,3486.3243702110417,3603.22544088664,3329.0632303282146,3517.7063051265104
1961-12-01,3284.492105263157,3352.264196420526,3277.6402736224863,3347,3304.7377479599095,3250.9255699170026,3155.9017107137843,3233.892557109285,3106.1618820762087,2946.8037470248664
1962-01-01,3107.7057017543852,3181.8621167200863,3137.6332410510017,3333,3076.155646019261,3150.2085004385617,3037.1910149460264,3150.2472883936334,3041.8876847989286,3354.9271726454626
1962-02-01,3090.0741228070165,3171.105973768148,3129.4289449107055,3456,3195.565977074789,3189.1231988231925,3106.7026529351724,3178.433085080119,3157.8059292859944,3362.5115816779344
1962-03-01,3226.7583333333323,3314.665618155016,3275.7665517812666,3569,3234.396474574968,3417.44431169602,3252.8369326141096,3417.9526786730808,3508.9694468199123,3746.91957171827
1962-04-01,3334.81096491228,3429.59368273898,3393.698693241635,3900,3385.6157365290433,3571.028695200808,3262.815521740196,3540.239100921185,3671.237922393519,3654.4210920634378
1962-05-01,3397.705701754385,3499.3638518461353,3466.699053502336,3909,3533.647455993262,3773.1212521204016,3721.5738724173034,3727.1925425987906,3822.944608566955,4098.939688068287
1962-06-01,3552.1793859649115,3660.7129666255487,3631.504474668632,4098,3509.8916257715637,3947.491755739718,3829.7182241984847,3851.997763115902,4067.8272948959298,4187.149992128684
1962-07-01,3942.389912280701,4057.798920805973,4032.272851477366,4826,4187.395568207449,4326.364190243392,4245.143937112175,4202.481698684725,4693.263911084072,4471.7556839990075
1962-08-01,5047.1793859649115,5169.463816302039,5147.846289191696,5770,4986.884216111391,4774.017682144118,4639.987298423347,4640.694589770634,5366.609942883282,6011.87823270815
1962-09-01,4297.389912280701,4426.549776342932,4409.066893074779,5108,4544.003450228527,4692.0287694188155,4558.200922026781,4583.990120925639,5154.450021952176,4673.572617662576
1962-10-01,3828.3372807017536,3964.3725754701495,3951.250452600302,4360,3864.424380160158,4465.679336300493,4267.112645306579,4318.317729553966,4721.733864279409,5002.21449074721
1962-11-01,3648.81096491228,3791.721687306441,3783.1864414524703,4100,3809.7151841868463,4050.528367554913,3985.859808917785,3910.008990652404,4350.547876672563,4289.988498431119
1962-12-01,3410.2846491228065,3560.070798499562,3556.348543841816,3562,3582.957682378364,3776.1603926830658,3755.692966815476,3677.5378395248895,3874.633435680257,4022.498659017463
1963-01-01,3233.498245614034,3390.650923089175,3420.037078006483,3284,3358.055122354759,3497.2422406123233,3515.3341991374273,3407.4355580013043,3743.420805368858,3588.4230816241907
1963-02-01,3215.866666666666,3380.87698442729,3415.560650536222,3278,3481.177106315299,3434.0444897388084,3481.020373703108,3341.497445537207,3596.469915140806,3468.222803873129
1963-03-01,3352.5508771929817,3525.41883310421,3565.658428010699,3424,3523.7513677084553,3616.794154493363,3543.421904190629,3522.7185503932783,3698.887484754231,3410.8296313807914
1963-04-01,3460.6035087719292,3641.3291019782273,3687.383042008866,3843,3678.746504543474,3909.351561667386,3676.352268649492,3807.939926987177,3788.856457269442,3805.051434088611
1963-05-01,3523.498245614034,3712.0814753754344,3764.208176741248,3614,3830.5862098766065,4134.2672532491,4066.981493691765,4007.763259651333,3874.866653108443,3871.8160225119736
1963-06-01,3677.97192982456,3874.412794444901,3932.870674313106,3536,3810.6704765117847,4280.379008414774,4271.066695511024,4080.402928052169,3987.5054007648,3860.3723270268893
1963-07-01,4068.18245614035,4272.480952915377,4337.528429461285,4505,4492.046626792516,4635.688987725589,4652.167629552415,4401.946567035037,4170.540755705464,4312.03248182855
1963-08-01,5172.971929824561,5385.128052701497,5457.023547448942,5456,5295.439593529268,5029.833476791289,5158.416976867772,4813.052522192537,5438.841554397917,5486.655460844089
1963-09-01,4423.18245614035,4643.196217032441,4722.198133539235,4881,4856.495257467182,5033.5014984833915,5066.256477694227,4835.641285469417,4534.1230016725785,4838.792704362573
1963-10-01,3954.1298245614025,4182.001220449712,4268.367977205848,4041,4180.884728207555,4725.717307107856,4577.190293835982,4534.034493246169,4224.892197721685,4174.207254362998
1963-11-01,3774.6035087719297,4010.332536576056,4104.3225521329905,3724,4130.176184030956,4254.451439265738,4117.44101035938,4098.647097212724,3900.4483555806783,3822.6723015322987
1963-12-01,3536.077192982455,3779.6638520592296,3881.535542531191,3525,3907.451445007151,3747.763478742794,3652.434350445548,3657.273144179081,3341.9721077790655,3225.6246097904113
1964-01-01,3359.290789473683,3611.226180938895,3749.307266638595,3437,3686.6137587561902,3445.4088768012953,3442.228506266173,3391.98761306865,3258.504439803579,3286.878280411649
1964-02-01,3341.659210526315,3602.4344465670624,3748.946331044953,3324,3813.832727477342,3426.44912419546,3444.6042504620773,3375.169424650378,3389.293976885231,3493.357992628331
1964-03-01,3478.343421052631,3747.958499534035,3903.191902329933,3977,3860.536084619076,3619.637497236585,3468.71624365129,3548.357811377046,3465.3293052080717,3517.4503975334655
1964-04-01,3586.396052631578,3864.8509726981047,4029.0966120724834,4025,4019.692428190639,4089.938932468347,3800.206669335636,4034.156887867857,4055.996800949575,4429.644370955615
1964-05-01,3649.290789473683,3936.585550385365,4110.134144483132,4016,4175.725451248281,4043.587999772916,3892.960610627009,3935.620374466196,3891.072855744735,3853.839767085743
1964-06-01,3803.76447368421,4099.899073744884,4283.041341667137,4031,4160.035146595937,4151.863201701112,4188.142943256944,3979.800076862783,4003.4331578820543,3989.2728778036726
1964-07-01,4193.9749999999985,4498.949436505413,4691.976098361346,4489,4845.668836577112,4635.081177407609,4670.887898383032,4417.164980854934,4889.017150948133,5053.021603888623
1964-08-01,5298.76447368421,5612.578740581586,5815.780519828916,5563,5653.351454002276,4941.42680630975,4964.064159190175,4732.131226207494,5610.526096567959,5499.570324281034
1964-09-01,4548.9749999999985,4871.629109202582,5085.296711333002,5709,5218.728879616568,4961.184636410441,4957.520490256509,4789.111969329059,4993.839208255449,5013.110062280017
1964-10-01,4079.922368421051,4411.416316909906,4635.840462347292,4620,4547.472223021285,4791.198087556561,4698.579289541111,4626.783760468806,4611.948816204971,4917.916461261453
1964-11-01,3900.396052631578,4240.729837326302,4476.201246555994,4160,4501.149662496998,4333.236376682881,4146.927516043238,4157.653057790014,4419.473631015171,4352.001393189661
1964-12-01,3661.869736842104,4011.0433570995287,4257.852748169634,4012,4282.843018113469,3933.293421418427,3941.481652632053,3795.0765018920633,3886.592226805537,4019.1124042735837
1965-01-01,3485.0833333333326,3843.5878902692466,4130.095285426363,3987,4066.455537490755,3703.2011525602406,3737.603021493751,3613.4910236277806,3701.173794999824,3970.24535732395
1965-02-01,3467.451754385964,3835.778360187467,4134.237464915924,4155,4198.156822828115,3725.436017216543,3791.25111501586,3640.103878657564,3895.155507517573,3914.0963744054243
1965-03-01,3604.13596491228,3982.284617444492,4293.018453217994,4054,4249.374607574029,4143.036879109928,4084.879697443401,4024.20811589477,4460.723871879491,4860.547265232004
1965-04-01,3712.188596491227,4100.1592948986145,4423.490881911512,4485,4413.077489737735,4231.581876654224,4024.375906074404,4089.550670374304,4488.057238938567,4178.111247830931
1965-05-01,3775.0833333333326,4172.8760768759275,4509.12843520701,4558,4573.689162375488,4396.050911498625,4294.922366205417,4240.221647027615,4394.346898340464,4485.653515658749
1965-06-01,3929.5570175438593,4337.171804525498,4686.667955209751,4462,4562.609618291223,4488.51601403337,4575.989594296254,4281.381917532496,4428.269716313418,4609.243801606357
1965-07-01,4319.767543859648,4737.204371576081,5100.267336656573,4594,5252.8861798284415,4743.348048292251,4902.659178936754,4481.513252282016,5159.303705223094,4992.319811392219
1965-08-01,5424.557017543859,5851.815879942305,6228.768684810642,6481,6065.243779797617,5058.2937165518515,5286.633267673352,4778.684273490578,5971.379865484803,5716.23650442
1965-09-01,4674.767543859648,5111.8484528533545,5503.014104935109,6345,5635.328298943886,5309.064625131421,5748.590806592527,5050.542413196852,5942.58469435291,6659.567535516719
1965-10-01,4205.7149122807,4652.61786485073,5058.319386503658,5142,4968.810846868547,5125.528767615356,5209.193845949309,4857.925110834973,5245.124647457478,5288.400681080739
1965-11-01,4026.188596491227,4482.91358955718,4903.474003200506,4824,4927.259601852172,4690.961191824303,4746.971995180566,4431.771961870519,4800.60449984801,4759.796911949874
1965-12-01,3787.662280701754,4254.2093136204585,4689.951639236171,4573,4713.756383964521,4420.549958791445,4526.729088242695,4206.089709741723,4601.677349065787,4713.8383621881585
1966-01-01,3610.8758771929815,4087.736051080229,4567.052612848808,4158,4502.204440825649,4244.418913978326,4327.031679197407,4089.3298577205583,4564.1271986065585,4593.692568243827
1966-02-01,3593.2442982456128,4080.908725288502,4576.085530628162,4140,4638.773374634821,4071.904471084595,4205.462405083185,3902.244039821997,4314.902644845188,4367.153890450218
1966-03-01,3729.928508771929,4228.39718683558,4739.789559153902,4251,4694.890918840511,4137.355734254574,4296.351131992856,3948.1416713678177,4516.756323819856,4109.3823227779885
1966-04-01,3837.981140350877,4347.254068579754,4875.217330004975,4734,4863.525671451964,4478.250306770519,4310.40040194991,4280.353412600477,4689.039323689931,4699.883587833689
1966-05-01,3900.8758771929815,4420.953054847119,4965.842527391911,4858,5029.101325525428,4673.537972806118,4680.780928348053,4460.173004249399,4737.319601646201,4843.978412626464
1966-06-01,4055.349561403508,4586.230986786744,5148.401993419969,4798,5023.017873864839,4710.054854738729,4916.811699125924,4451.897875796187,4728.008763301079,4818.7733487199985
1966-07-01,4445.560087719297,4987.245758127379,5567.0536228259925,5080,5718.322638813703,4959.920933877017,5307.247801439296,4630.997576738003,5127.123344642403,4975.3687476833475
1966-08-01,5550.349561403507,6102.839470783656,6700.639520873144,6905,6535.740553182489,5341.994597546805,5967.2465112810605,5000.38318164489,6526.318903698089,7004.940625437246
1966-09-01,4800.560087719297,5363.854247984758,5980.001792824576,5504,6110.917497716335,5454.659626901841,6315.934240871559,5146.0802019829225,6673.2772118921675,6822.536003177065
1966-10-01,4331.50745614035,4905.605864272186,5540.456228153973,5457,5449.524582016541,5122.69935274591,5285.942215622158,4798.048667516634,4949.217420705092,4379.769637213245
1966-11-01,4151.981140350877,4736.883793268687,5390.792300545549,5198,5413.129984363676,4948.512770941043,5223.358115576472,4677.4784699130705,4777.102185386804,5144.284529937162
1966-12-01,3913.454824561403,4509.16172162202,5182.483694209827,4890,5204.815524827502,4729.919052628776,4812.712722560262,4495.835000612567,4907.60242833056,4984.937903928227
